{
 "baseline_2p": [
  146,
  0,
  0.497
 ],
 "baseline_3p": [
  117,
  0,
  0.403
 ],
 "baseline_4p": [
  112,
  0,
  0.343
 ],
 "det_bonus_2p": [
  102,
  4.303333333333334,
  0.56
 ],
 "det_bonus_3p": [
  78,
  4.84,
  0.42
 ],
 "det_bonus_4p": [
  72,
  5.033333333333333,
  0.423
 ],
 "honorific_2p": [
  136,
  0.9133333333333333,
  0.51
 ],
 "honorific_3p": [
  108,
  1.0833333333333333,
  0.417
 ],
 "honorific_4p": [
  104,
  1.2433333333333334,
  0.33
 ],
 "both_2p": [
  98,
  4.84,
  0.573
 ],
 "both_3p": [
  72,
  5.256666666666667,
  0.45
 ],
 "both_4p": [
  68,
  5.61,
  0.4
 ]
}